{
  "title": "Welcome Easit MacOnboarding",
  "message": "Your computer setup is underway. Feel free to step away, this could take 30 minutes or more. \n\nYour computer will restart when it's ready for use",
  "blurscreen": true,
  "moveable": false,
  "ontop": true,
  "width": "800",
  "button1text": "Exit (Installations will continue)",
  "icon" : "/Library/Application Support/Microsoft/IntuneScripts/Swift dialog/icons/Easit.png",
  "centreicon": false,
  "iconsize": "200",
  "listitem" : [
      {"title" : "Company Portal", "icon" : "/Library/Application Support/Microsoft/IntuneScripts/Swift dialog/icons/CompanyPortal.png", "status" : "pending", "statustext" : "Pending"},
      {"title" : "Microsoft Office", "icon" : "/Library/Application Support/Microsoft/IntuneScripts/Swift dialog/icons/Office.png", "status" : "pending", "statustext" : "Pending"},
      {"title" : "Microsoft Defender", "icon" : "/Library/Application Support/Microsoft/IntuneScripts/Swift dialog/icons/Defender.png", "status" : "pending", "statustext" : "Pending"}
  ]
}